edad,genero,estado_civil,nivel_educacion,ingresos_mensuales,saldo_promedio,num_productos_bancarios,uso_banca_online,uso_app_movil,visitas_sucursal_ult_mes,dias_desde_ultimo_contacto,respondio_campanas_previas,producto_contratado
56,Femenino,Divorciado,Universitario,2322.07,2318.89,4,0,0,1,39,1,0
69,Masculino,Soltero,Posgrado,1582.43,6826.0,3,0,1,0,8,1,0
46,Masculino,Soltero,Secundaria,2408.33,5608.25,1,0,1,2,4,1,0
32,Femenino,Soltero,Posgrado,3006.61,5531.8,2,1,1,1,41,1,1
60,Masculino,Casado,Secundaria,1518.19,6675.13,3,1,1,1,56,1,0
25,Masculino,Soltero,Posgrado,3828.11,3372.71,2,0,1,2,1,1,1
38,Femenino,Casado,Secundaria,3218.31,7427.46,1,1,1,1,8,0,1
56,Masculino,Soltero,Posgrado,2334.75,4719.91,3,0,0,2,42,1,0
36,Masculino,Soltero,Secundaria,1931.3,6777.2,4,1,0,2,35,1,0
40,Masculino,Casado,Universitario,1964.7,6468.9,2,1,0,3,21,0,0
28,Femenino,Casado,Universitario,2559.36,2922.4,1,0,1,3,21,1,0
28,Femenino,Soltero,Secundaria,2316.48,6005.8,2,0,0,1,21,1,0
41,Femenino,Casado,Posgrado,3260.4,5652.55,3,0,1,1,33,0,1
53,Masculino,Soltero,Secundaria,2225.62,5060.62,3,0,1,1,54,1,0
57,Masculino,Casado,Posgrado,2904.4,4811.26,4,1,1,2,28,1,0
41,Femenino,Divorciado,Universitario,2476.86,4828.21,1,1,0,2,37,1,0
20,Masculino,Divorciado,Posgrado,2715.74,6625.38,1,1,1,1,58,1,1
39,Masculino,Divorciado,Universitario,2315.95,6155.82,4,0,1,1,45,1,0
19,Femenino,Divorciado,Posgrado,3066.17,5060.96,4,0,0,3,32,1,0
41,Femenino,Divorciado,Posgrado,3078.03,2016.13,1,1,0,1,17,0,0
61,Masculino,Soltero,Posgrado,2867.94,5988.89,2,0,1,5,6,1,0
47,Masculino,Divorciado,Secundaria,2986.01,6447.23,2,1,1,2,0,1,0
55,Masculino,Divorciado,Secundaria,1744.5,9600.82,4,1,0,3,32,0,0
19,Femenino,Divorciado,Universitario,2758.6,7150.87,2,1,0,0,0,0,0
38,Femenino,Divorciado,Universitario,3499.36,1201.65,1,1,0,3,23,1,1
50,Femenino,Casado,Secundaria,2893.12,5156.86,3,1,1,0,3,0,0
29,Femenino,Soltero,Universitario,1675.43,8622.75,3,0,0,4,3,1,0
39,Masculino,Divorciado,Secundaria,2460.19,6247.1,2,0,0,1,17,1,0
61,Femenino,Divorciado,Posgrado,2799.98,5657.3,4,0,0,2,26,0,0
42,Femenino,Divorciado,Universitario,1894.08,6800.46,4,1,1,3,42,1,0
66,Femenino,Soltero,Universitario,1413.38,3755.24,4,1,0,1,58,1,0
44,Femenino,Casado,Secundaria,2247.12,5956.18,4,1,0,0,31,0,0
59,Femenino,Soltero,Universitario,1907.33,4499.06,4,1,0,2,32,0,0
45,Masculino,Casado,Universitario,2488.57,4960.75,2,0,0,2,27,0,0
33,Masculino,Divorciado,Posgrado,1226.88,6656.91,3,0,0,2,41,0,0
32,Femenino,Divorciado,Universitario,2951.76,3146.57,3,1,1,0,40,1,0
64,Masculino,Soltero,Posgrado,1992.32,7575.96,2,1,1,3,54,0,0
68,Femenino,Soltero,Secundaria,3296.6,4154.38,4,1,1,5,35,0,1
61,Femenino,Casado,Universitario,2278.48,5521.33,2,0,0,1,59,0,0
69,Masculino,Casado,Posgrado,2479.69,2198.98,3,0,1,2,5,0,0
20,Masculino,Soltero,Secundaria,2361.57,6439.67,1,0,1,2,15,0,0
54,Femenino,Casado,Universitario,1949.47,7893.01,2,1,1,6,33,1,0
68,Femenino,Soltero,Secundaria,4477.82,3970.72,4,1,0,1,22,0,0
24,Femenino,Casado,Universitario,2103.31,2779.55,3,0,0,2,49,1,0
38,Masculino,Soltero,Secundaria,3318.82,5555.97,3,1,1,1,41,0,1
26,Femenino,Soltero,Secundaria,1625.1,7909.62,3,0,1,1,23,0,0
56,Femenino,Soltero,Posgrado,2797.71,2100.29,3,1,0,2,55,0,0
35,Femenino,Casado,Secundaria,2883.1,2787.38,4,0,0,0,48,0,0
21,Masculino,Casado,Universitario,2480.66,4091.62,1,1,1,4,12,0,0
42,Femenino,Casado,Universitario,2043.2,3359.31,3,0,0,2,55,0,0
31,Femenino,Soltero,Posgrado,2289.34,3365.63,2,0,1,3,17,0,0
67,Masculino,Casado,Universitario,2177.37,811.76,1,0,0,1,53,0,0
26,Femenino,Casado,Universitario,4421.62,6178.11,3,0,1,1,12,1,1
43,Femenino,Soltero,Universitario,2481.92,5677.44,1,0,1,3,48,0,0
19,Masculino,Divorciado,Secundaria,2919.91,1602.3,2,0,0,2,36,1,0
37,Femenino,Soltero,Secundaria,3925.3,7914.39,3,1,1,2,42,0,1
45,Masculino,Casado,Universitario,1798.95,8362.18,2,1,1,0,38,1,0
64,Masculino,Soltero,Posgrado,2530.13,3498.19,4,1,1,1,41,0,0
24,Femenino,Divorciado,Secundaria,2284.65,7333.1,3,0,0,2,16,0,0
61,Femenino,Soltero,Posgrado,2431.09,3854.0,3,0,0,0,14,0,0
25,Femenino,Casado,Universitario,2356.79,5362.23,3,1,0,4,17,1,0
64,Femenino,Divorciado,Universitario,1914.5,3328.48,3,0,1,5,22,1,0
52,Masculino,Casado,Secundaria,2656.33,9428.5,4,0,0,0,53,1,0
31,Femenino,Divorciado,Universitario,1649.89,4407.97,3,0,1,0,50,1,0
34,Masculino,Divorciado,Secundaria,3291.11,5252.9,1,0,1,6,29,0,1
53,Femenino,Soltero,Universitario,2998.65,3624.13,3,0,0,0,57,0,0
67,Femenino,Soltero,Universitario,2105.23,8722.63,4,1,0,1,33,0,0
57,Femenino,Casado,Secundaria,2144.01,8773.23,3,1,1,0,57,1,0
21,Masculino,Soltero,Secundaria,2720.41,8261.86,1,1,1,3,3,0,0
19,Femenino,Soltero,Secundaria,1861.16,6912.88,4,1,0,2,2,1,0
23,Femenino,Divorciado,Universitario,3949.58,3750.42,4,1,0,3,6,1,0
59,Femenino,Soltero,Universitario,2786.34,6655.7,1,0,0,5,55,1,0
21,Femenino,Divorciado,Posgrado,2814.61,4985.91,1,0,1,5,17,1,0
46,Masculino,Divorciado,Secundaria,3045.16,7624.82,1,0,1,2,41,1,0
35,Femenino,Divorciado,Universitario,2036.43,7231.8,1,0,1,3,6,0,0
43,Masculino,Casado,Universitario,3371.21,3701.47,1,1,1,6,39,1,1
61,Masculino,Casado,Secundaria,2591.63,6895.65,4,1,1,3,5,1,1
51,Masculino,Casado,Posgrado,3260.12,6364.07,4,1,0,2,21,0,1
27,Masculino,Divorciado,Secundaria,2341.64,-547.13,3,0,0,3,57,1,0
53,Masculino,Casado,Posgrado,3553.82,6601.87,3,1,1,1,0,1,1
31,Masculino,Casado,Universitario,2821.07,4136.41,2,0,1,1,3,0,0
48,Femenino,Soltero,Posgrado,4246.01,3227.92,3,1,0,4,45,0,0
65,Masculino,Casado,Universitario,2204.38,3313.48,3,1,0,0,48,0,0
32,Masculino,Casado,Secundaria,2663.64,4729.51,1,0,0,6,51,1,0
25,Masculino,Divorciado,Secundaria,1674.74,5960.12,1,0,0,2,49,0,0
31,Femenino,Divorciado,Secundaria,2076.56,2269.08,3,1,1,3,42,0,0
40,Femenino,Divorciado,Posgrado,2994.95,5379.7,2,1,0,2,28,0,0
57,Masculino,Divorciado,Universitario,3403.46,6153.52,1,0,1,0,20,1,1
38,Femenino,Divorciado,Secundaria,4872.01,8723.61,3,1,0,1,25,0,0
33,Masculino,Divorciado,Secundaria,2422.7,2846.62,3,1,0,4,13,1,0
62,Masculino,Casado,Universitario,1753.43,4300.78,4,0,0,3,8,1,0
35,Femenino,Divorciado,Secundaria,3102.66,5523.33,2,1,1,3,58,0,1
64,Masculino,Divorciado,Universitario,1597.74,7294.82,4,0,1,5,46,1,0
41,Femenino,Soltero,Universitario,2951.42,4391.55,2,1,0,1,11,1,0
43,Femenino,Casado,Universitario,2098.2,7397.28,1,0,1,4,41,0,0
42,Masculino,Casado,Universitario,2669.28,1125.28,2,1,1,1,50,1,1
62,Masculino,Casado,Universitario,3372.84,2493.3,3,0,0,1,55,0,0
58,Femenino,Divorciado,Posgrado,2411.41,5697.29,3,1,0,1,50,1,0
46,Masculino,Divorciado,Secundaria,3246.3,2178.35,2,0,1,0,5,1,0
32,Masculino,Divorciado,Posgrado,3198.53,2651.06,2,1,1,1,19,0,1
62,Masculino,Soltero,Secundaria,1008.53,3944.45,2,1,1,4,23,0,0
18,Femenino,Divorciado,Posgrado,1778.72,6542.88,4,1,0,2,26,1,0
42,Femenino,Soltero,Universitario,1250.55,1208.07,2,1,0,1,37,1,0
24,Masculino,Casado,Secundaria,4101.39,5340.6,1,1,1,1,7,0,0
26,Femenino,Divorciado,Secundaria,2415.69,7065.93,4,1,0,1,0,1,0
41,Femenino,Soltero,Posgrado,3924.66,4610.11,4,1,0,2,53,1,1
18,Femenino,Soltero,Posgrado,1193.64,4262.34,2,1,1,2,48,1,0
61,Femenino,Divorciado,Secundaria,2041.79,5803.54,1,1,1,0,48,1,0
25,Femenino,Casado,Posgrado,3140.4,4615.78,4,0,0,2,23,0,0
41,Masculino,Casado,Posgrado,2643.42,7781.0,3,0,0,1,46,0,0
28,Masculino,Casado,Posgrado,2926.29,2777.17,4,1,1,2,6,0,0
68,Masculino,Soltero,Universitario,1496.95,4896.71,2,0,0,2,18,0,0
34,Femenino,Soltero,Universitario,3601.44,5411.37,1,1,0,0,21,0,0
25,Femenino,Soltero,Posgrado,3121.61,4243.09,2,1,1,2,56,0,1
52,Masculino,Soltero,Posgrado,2821.3,-742.57,3,0,1,0,54,1,0
52,Femenino,Casado,Universitario,1951.51,4678.19,3,1,0,3,59,0,0
50,Masculino,Divorciado,Universitario,2759.04,6800.35,3,1,0,4,34,1,0
22,Masculino,Soltero,Secundaria,2266.81,6556.22,2,0,0,4,29,1,0
59,Masculino,Soltero,Secundaria,1179.61,5709.56,4,0,1,3,28,1,0
56,Femenino,Casado,Universitario,2459.66,2804.28,2,1,0,3,21,0,0
58,Femenino,Divorciado,Posgrado,2374.62,5790.62,1,0,0,2,10,1,0
45,Masculino,Divorciado,Posgrado,3349.92,3853.12,4,0,1,0,19,0,0
24,Masculino,Casado,Posgrado,712.46,5706.97,3,1,1,2,28,1,0
26,Masculino,Casado,Posgrado,2688.16,5243.01,2,0,0,3,50,1,0
25,Masculino,Divorciado,Secundaria,1575.55,3047.25,3,0,1,1,40,0,0
29,Femenino,Soltero,Universitario,2755.38,3215.09,3,1,1,2,41,1,0
51,Femenino,Divorciado,Posgrado,2799.42,5710.04,1,0,0,1,33,1,0
50,Masculino,Casado,Secundaria,2430.52,4557.77,4,0,1,1,0,1,0
65,Masculino,Soltero,Posgrado,3145.83,3319.44,1,1,1,2,30,1,1
40,Femenino,Soltero,Universitario,1503.39,3154.34,1,1,0,3,29,0,0
41,Femenino,Casado,Secundaria,3386.18,4392.34,1,1,1,2,47,1,1
54,Masculino,Casado,Universitario,1933.54,8136.21,3,0,0,0,17,1,0
52,Masculino,Casado,Universitario,1255.28,3947.84,1,1,0,3,54,0,0
61,Masculino,Divorciado,Secundaria,2282.08,4971.96,1,1,1,2,57,1,0
57,Femenino,Divorciado,Secundaria,823.87,5203.29,4,0,1,2,16,1,0
39,Femenino,Soltero,Secundaria,2703.34,2737.95,4,1,1,0,37,1,0
44,Femenino,Casado,Secundaria,2292.6,1474.34,1,1,0,4,13,1,0
52,Masculino,Soltero,Secundaria,3486.95,2946.72,4,1,1,2,22,0,1
18,Masculino,Soltero,Secundaria,3019.14,5494.15,4,1,0,2,24,1,0
52,Femenino,Soltero,Secundaria,1386.4,5174.66,1,0,1,1,14,0,0
54,Femenino,Soltero,Posgrado,1829.29,6404.81,3,1,1,2,45,1,0
64,Masculino,Casado,Universitario,2916.53,5193.5,1,1,1,2,55,1,0
31,Femenino,Soltero,Secundaria,3177.66,4780.9,4,0,0,2,21,1,0
20,Femenino,Casado,Posgrado,3478.0,3791.98,3,1,1,4,2,0,1
18,Masculino,Casado,Posgrado,3471.61,6769.21,2,0,1,0,55,1,1
22,Femenino,Divorciado,Posgrado,2428.38,3161.64,3,0,0,1,54,1,0
43,Masculino,Casado,Universitario,2790.12,2779.2,4,0,0,4,18,0,0
31,Masculino,Divorciado,Secundaria,3538.99,6134.11,3,1,1,0,56,0,1
56,Masculino,Casado,Posgrado,2257.35,2333.69,1,0,1,0,43,0,0
44,Masculino,Casado,Universitario,2803.78,9829.58,2,0,1,3,33,0,0
26,Masculino,Casado,Universitario,2238.5,5159.99,2,0,0,0,34,1,0
32,Masculino,Divorciado,Universitario,2059.24,5695.81,2,1,0,1,49,1,0
32,Masculino,Divorciado,Posgrado,2538.71,3383.16,4,1,0,0,0,1,0
43,Femenino,Soltero,Secundaria,1949.97,4369.47,4,1,0,1,51,1,0
59,Masculino,Divorciado,Posgrado,2395.27,4146.49,2,1,1,2,20,0,0
30,Masculino,Divorciado,Posgrado,1672.04,3916.33,3,1,0,2,28,1,0
68,Femenino,Divorciado,Secundaria,2348.0,6265.92,2,1,0,1,5,1,0
49,Femenino,Divorciado,Secundaria,2858.71,4100.85,3,1,0,2,36,1,0
56,Femenino,Soltero,Secundaria,2028.99,7035.0,3,0,1,3,0,1,0
66,Masculino,Divorciado,Universitario,2507.43,10326.36,4,0,1,0,50,0,0
69,Femenino,Casado,Secundaria,2611.47,4408.92,3,0,0,3,0,1,0
49,Masculino,Casado,Posgrado,2862.03,5304.63,2,0,0,1,26,1,0
21,Masculino,Divorciado,Secundaria,2393.14,5758.96,4,1,1,4,20,1,0
47,Masculino,Divorciado,Posgrado,3368.69,8623.01,1,0,1,5,52,0,1
54,Masculino,Casado,Universitario,819.26,4834.7,1,0,1,1,15,0,0
40,Femenino,Casado,Posgrado,4850.2,3341.97,4,0,1,1,43,1,0
56,Femenino,Soltero,Posgrado,1803.09,2467.32,2,0,1,4,58,1,0
62,Masculino,Casado,Secundaria,2822.71,4884.03,1,1,1,1,53,1,1
32,Masculino,Casado,Secundaria,1749.23,4103.24,1,1,1,1,39,0,0
60,Masculino,Divorciado,Posgrado,3015.41,9020.02,3,1,1,3,25,1,1
46,Femenino,Casado,Secundaria,2721.26,8539.72,3,0,0,2,15,1,0
53,Masculino,Soltero,Universitario,1979.43,2931.25,2,1,0,0,27,1,0
30,Masculino,Casado,Universitario,3358.47,3578.48,4,0,0,1,0,0,0
49,Femenino,Divorciado,Secundaria,2368.83,5147.54,2,1,0,2,35,1,0
24,Femenino,Divorciado,Universitario,2937.77,7794.45,4,1,0,1,9,1,0
68,Masculino,Casado,Secundaria,1766.27,5114.03,1,1,0,4,42,0,0
39,Femenino,Divorciado,Posgrado,2475.29,3705.52,3,1,1,3,16,0,0
45,Femenino,Soltero,Posgrado,4102.73,4882.24,2,1,1,0,56,1,1
19,Masculino,Soltero,Universitario,3270.37,3743.03,2,0,0,2,58,0,0
59,Femenino,Casado,Secundaria,2746.1,6204.95,4,1,0,4,22,1,0
62,Masculino,Casado,Secundaria,2140.86,3581.93,4,0,1,2,6,0,0
23,Femenino,Casado,Universitario,2554.0,3979.13,2,0,1,1,43,0,0
45,Masculino,Divorciado,Posgrado,2658.05,7323.87,4,0,1,2,52,1,0
45,Masculino,Soltero,Universitario,2859.38,3463.27,2,0,0,2,6,1,0
61,Masculino,Soltero,Posgrado,1638.67,2107.74,2,0,1,2,43,1,0
61,Femenino,Divorciado,Secundaria,3034.73,5189.99,2,1,0,1,14,0,1
37,Masculino,Soltero,Posgrado,1628.33,4279.05,1,1,0,0,33,1,0
47,Femenino,Casado,Universitario,3804.9,6022.83,4,1,1,3,45,1,1
28,Masculino,Casado,Secundaria,1882.7,5634.94,3,1,1,6,44,1,0
45,Masculino,Casado,Universitario,2737.3,4936.16,3,0,0,1,3,1,0
42,Femenino,Soltero,Universitario,3304.11,4877.91,4,1,1,2,13,1,1
56,Masculino,Casado,Posgrado,2298.1,3528.28,2,1,1,2,13,0,0
50,Masculino,Divorciado,Universitario,2772.48,5166.69,3,0,0,2,15,1,0
18,Femenino,Divorciado,Posgrado,3648.15,6762.57,3,0,1,2,6,1,1
44,Masculino,Soltero,Secundaria,2951.52,3053.11,4,1,0,2,31,0,0
69,Masculino,Divorciado,Posgrado,2784.44,4989.21,3,1,0,1,18,1,0
30,Masculino,Divorciado,Secundaria,1152.17,7076.78,2,0,1,4,1,1,0
58,Masculino,Soltero,Posgrado,1753.02,6010.85,4,1,0,3,9,1,0
20,Femenino,Casado,Universitario,3337.54,7618.95,2,1,0,0,49,1,1
56,Femenino,Casado,Posgrado,2955.96,3863.72,3,1,1,2,16,1,0
23,Masculino,Casado,Posgrado,3077.17,1338.46,3,1,1,2,36,0,1
25,Femenino,Soltero,Secundaria,3008.32,5401.3,2,0,1,3,11,0,0
44,Masculino,Divorciado,Universitario,3531.81,5725.14,1,0,0,1,5,0,0
26,Femenino,Casado,Posgrado,2290.88,7736.84,3,0,0,2,21,1,0
54,Masculino,Casado,Universitario,2596.4,7376.29,1,1,1,0,31,0,0
50,Masculino,Soltero,Posgrado,1677.06,6073.49,3,1,0,3,40,1,0
68,Masculino,Casado,Posgrado,1477.58,6530.78,1,1,1,3,19,1,0
59,Masculino,Soltero,Universitario,1185.01,4616.36,1,1,1,2,0,1,0
61,Masculino,Divorciado,Posgrado,1791.87,2561.77,1,1,0,0,53,0,0
41,Masculino,Soltero,Universitario,3742.05,5235.44,2,0,1,3,46,0,0
32,Femenino,Soltero,Posgrado,1257.82,6965.15,1,1,0,2,52,0,0
49,Masculino,Soltero,Secundaria,2257.17,6312.72,1,1,0,4,57,1,0
49,Femenino,Soltero,Universitario,1465.48,6667.61,1,0,1,1,5,0,0
41,Masculino,Divorciado,Posgrado,2019.22,4144.49,3,1,0,3,18,1,0
58,Femenino,Divorciado,Posgrado,2635.76,4468.91,1,0,1,2,17,0,0
69,Femenino,Casado,Secundaria,1939.91,5966.85,3,0,0,4,5,0,0
66,Femenino,Divorciado,Universitario,3371.73,3906.99,1,0,0,0,44,1,0
66,Masculino,Divorciado,Posgrado,3727.18,3968.57,1,0,0,2,32,1,0
69,Masculino,Casado,Secundaria,700.72,5595.96,2,0,1,1,22,0,0
29,Femenino,Divorciado,Posgrado,1953.61,6521.81,3,1,0,1,22,0,0
56,Masculino,Soltero,Universitario,2547.31,4600.94,1,0,1,1,25,0,0
19,Femenino,Soltero,Posgrado,3400.89,2673.62,3,0,0,0,12,1,0
20,Masculino,Casado,Posgrado,2136.6,3528.39,3,1,0,1,6,1,0
66,Femenino,Casado,Posgrado,2484.05,5407.34,4,1,1,2,14,0,0
54,Femenino,Casado,Posgrado,1574.6,5383.04,2,0,1,3,43,0,0
66,Masculino,Soltero,Secundaria,1273.76,5482.48,2,1,1,5,26,1,0
34,Femenino,Divorciado,Secundaria,3656.31,6042.59,2,1,1,3,25,0,1
66,Masculino,Soltero,Universitario,1040.74,5011.62,4,0,1,2,32,1,0
19,Femenino,Casado,Secundaria,4362.9,5530.11,4,0,0,4,14,1,0
19,Femenino,Divorciado,Secundaria,3080.12,4909.95,2,1,0,3,35,1,1
45,Masculino,Divorciado,Universitario,3043.98,7297.47,4,0,1,2,44,1,1
40,Masculino,Soltero,Secundaria,2960.37,7864.68,4,0,0,1,54,1,0
54,Masculino,Casado,Secundaria,2297.85,2621.98,4,1,0,1,26,1,0
49,Femenino,Soltero,Universitario,2813.67,4489.5,2,0,0,4,56,0,0
50,Masculino,Divorciado,Universitario,2348.88,5065.45,2,0,1,5,4,1,0
18,Femenino,Soltero,Universitario,2942.46,4466.17,2,0,0,1,1,1,0
36,Femenino,Soltero,Posgrado,2473.05,8585.85,4,0,0,3,54,0,0
19,Masculino,Casado,Posgrado,1739.72,5447.91,2,0,0,2,57,1,0
61,Masculino,Casado,Universitario,1803.54,3389.26,4,1,1,1,32,0,0
43,Femenino,Divorciado,Universitario,1712.58,6192.88,1,1,0,2,15,1,0
49,Femenino,Soltero,Universitario,3276.72,5541.95,4,0,0,1,22,0,0
23,Masculino,Soltero,Posgrado,2006.04,5608.39,3,1,1,2,37,0,0
49,Masculino,Soltero,Posgrado,970.32,8615.75,2,0,1,1,54,1,0
21,Masculino,Divorciado,Secundaria,2817.47,5701.57,2,0,0,0,15,1,0
28,Masculino,Divorciado,Secundaria,3711.61,4392.68,3,0,0,2,13,1,0
34,Masculino,Casado,Universitario,3118.47,1089.45,4,0,1,1,28,1,1
55,Femenino,Casado,Posgrado,2017.34,4669.2,1,0,1,2,25,0,0
41,Femenino,Casado,Posgrado,1230.55,7611.94,3,1,1,3,34,0,0
22,Femenino,Soltero,Posgrado,2392.59,4817.66,3,1,1,0,14,0,0
69,Femenino,Soltero,Universitario,2372.62,519.9,4,0,1,0,2,1,0
51,Masculino,Casado,Secundaria,1724.64,4003.28,2,1,1,2,22,0,0
23,Masculino,Soltero,Universitario,2940.83,6985.38,4,0,1,1,28,1,0
39,Masculino,Casado,Secundaria,3977.3,6091.63,3,1,0,2,33,1,1
28,Femenino,Divorciado,Secundaria,2677.83,3320.24,3,0,1,3,32,0,0
65,Femenino,Casado,Universitario,2628.38,3869.43,2,1,1,2,40,1,1
33,Masculino,Divorciado,Secundaria,1750.22,4178.58,2,0,0,3,40,0,0
50,Masculino,Soltero,Secundaria,3617.93,3674.57,2,0,1,3,22,1,1
26,Femenino,Casado,Posgrado,2439.88,940.65,4,1,1,3,6,0,0
23,Femenino,Soltero,Secundaria,2036.83,6527.18,2,1,0,2,2,1,0
33,Masculino,Divorciado,Universitario,2550.95,7514.12,3,0,1,0,57,0,0
46,Masculino,Divorciado,Universitario,2877.57,1963.1,3,1,0,2,31,0,0
20,Femenino,Divorciado,Secundaria,2611.37,7487.71,1,0,0,2,30,1,0
37,Masculino,Soltero,Posgrado,3464.92,4793.95,4,1,0,2,17,1,1
53,Masculino,Soltero,Posgrado,2807.18,7450.26,1,1,0,3,42,0,0
36,Masculino,Soltero,Secundaria,2272.85,5075.9,3,0,1,1,6,1,0
43,Femenino,Soltero,Secundaria,2820.95,5271.09,1,1,0,2,40,1,0
20,Femenino,Divorciado,Universitario,2899.71,5744.87,3,1,0,0,0,1,0
36,Femenino,Divorciado,Secundaria,1462.9,3419.87,1,0,1,0,13,0,0
37,Femenino,Casado,Posgrado,3419.54,7389.35,2,1,0,2,51,0,1
49,Femenino,Casado,Secundaria,2259.28,2757.24,1,0,0,3,31,1,0
24,Femenino,Soltero,Universitario,2279.74,4195.87,2,0,0,1,5,1,0
69,Femenino,Divorciado,Universitario,3101.1,6048.53,2,0,0,1,38,0,0
58,Masculino,Divorciado,Universitario,3097.73,3981.61,4,0,1,4,9,1,1
50,Masculino,Divorciado,Universitario,1939.33,6555.06,2,0,0,1,6,0,0
57,Masculino,Casado,Universitario,3142.32,7751.73,2,1,1,2,25,1,1
56,Masculino,Casado,Secundaria,2051.64,7025.09,1,0,1,0,33,1,0
35,Masculino,Divorciado,Secundaria,3955.66,1127.77,3,0,0,4,29,1,0
57,Masculino,Divorciado,Secundaria,1837.44,5251.69,4,1,0,3,35,0,0
18,Masculino,Divorciado,Secundaria,2691.58,7057.37,2,1,0,2,20,0,0
28,Femenino,Casado,Universitario,1874.39,2366.5,4,1,0,2,59,0,0
45,Femenino,Divorciado,Posgrado,4278.16,6447.22,1,0,1,3,16,0,0
42,Masculino,Divorciado,Secundaria,1509.74,6334.92,2,0,1,3,32,1,0
67,Masculino,Soltero,Posgrado,2919.49,2575.82,1,0,1,1,9,1,0
40,Femenino,Soltero,Secundaria,1912.07,6668.47,4,1,0,3,50,0,0
48,Masculino,Casado,Secundaria,2216.71,5545.4,1,0,1,3,46,1,0
47,Masculino,Divorciado,Posgrado,2862.83,6300.76,4,1,0,0,41,1,0
59,Femenino,Divorciado,Universitario,3479.67,3067.38,1,0,0,4,50,0,0
52,Masculino,Soltero,Secundaria,3798.72,5300.27,4,1,0,4,11,1,0
24,Femenino,Casado,Secundaria,1270.44,1590.24,3,0,0,2,55,1,0
33,Masculino,Soltero,Secundaria,2714.2,446.02,1,0,0,2,15,0,0
43,Femenino,Soltero,Posgrado,3667.59,5281.66,1,0,1,2,40,1,1
65,Femenino,Soltero,Universitario,1151.75,7201.2,3,1,1,0,31,1,0
69,Femenino,Soltero,Posgrado,2751.51,5505.87,3,1,0,2,14,1,0
66,Masculino,Divorciado,Posgrado,2498.33,4873.11,1,0,1,2,26,0,0
19,Femenino,Divorciado,Universitario,2831.63,4624.93,3,0,0,3,27,0,0
18,Masculino,Soltero,Posgrado,1882.16,3114.87,2,0,0,0,16,1,0
65,Masculino,Casado,Universitario,1351.5,4556.28,4,1,0,1,45,1,0
29,Masculino,Casado,Secundaria,969.51,5843.37,4,0,1,3,58,1,0
22,Masculino,Casado,Universitario,3281.11,4129.56,4,0,0,3,49,0,0
54,Femenino,Casado,Secundaria,3383.24,6501.17,2,0,0,4,57,0,0
49,Femenino,Soltero,Posgrado,2742.15,5391.95,3,0,1,0,1,0,0
26,Masculino,Divorciado,Posgrado,2072.68,5633.96,3,1,1,3,35,1,0
58,Masculino,Casado,Secundaria,1201.56,6777.33,1,1,1,1,49,1,1
52,Femenino,Soltero,Posgrado,2950.68,3946.49,3,0,0,2,6,1,0
36,Masculino,Casado,Universitario,1619.38,6318.76,1,0,0,5,12,1,0
65,Femenino,Casado,Secundaria,1930.96,4227.05,2,1,1,0,14,1,0
33,Masculino,Soltero,Posgrado,2030.75,5679.03,4,1,0,1,24,0,0
20,Masculino,Divorciado,Secundaria,2341.97,3708.46,4,0,1,3,22,1,0
37,Femenino,Divorciado,Universitario,1892.77,3178.59,4,1,1,3,59,1,0
41,Masculino,Soltero,Universitario,2526.77,5183.73,3,1,0,1,21,1,0
50,Femenino,Divorciado,Posgrado,2002.55,1229.6,1,0,0,0,25,0,0
41,Masculino,Soltero,Universitario,3061.1,4407.47,1,1,1,3,32,1,1
69,Masculino,Soltero,Secundaria,3324.85,1787.25,2,1,1,3,10,0,1
28,Masculino,Soltero,Universitario,2586.83,6558.47,3,0,1,0,9,0,0
66,Femenino,Divorciado,Secundaria,2870.1,7100.22,2,0,1,2,24,0,0
25,Masculino,Soltero,Secundaria,4194.28,3272.1,1,1,0,0,36,0,0
53,Masculino,Casado,Universitario,1561.92,5856.63,1,0,1,4,47,0,0
55,Masculino,Divorciado,Posgrado,1513.23,6798.27,4,1,1,0,42,1,1
57,Masculino,Divorciado,Universitario,3056.0,6804.94,3,0,1,2,52,1,0
37,Femenino,Divorciado,Secundaria,4057.23,5428.9,1,1,0,1,37,0,1
52,Femenino,Divorciado,Secundaria,2291.6,6468.61,4,0,0,0,40,0,0
65,Masculino,Casado,Universitario,3881.47,3701.34,3,1,1,1,44,0,1
42,Femenino,Divorciado,Posgrado,2577.15,5166.24,2,1,0,2,23,1,0
52,Masculino,Divorciado,Posgrado,1955.29,4065.79,3,1,0,5,39,1,0
42,Masculino,Soltero,Secundaria,1707.45,3532.42,3,0,0,1,45,0,0
46,Masculino,Divorciado,Secundaria,3003.53,5072.13,1,0,1,3,55,1,0
35,Femenino,Casado,Posgrado,1768.03,5695.06,1,1,1,1,32,1,0
63,Femenino,Casado,Universitario,2565.02,7327.02,3,1,0,5,16,0,0
35,Femenino,Casado,Secundaria,3766.77,5530.31,1,0,1,2,23,0,1
19,Femenino,Casado,Secundaria,2254.58,6283.86,1,0,1,0,36,1,0
52,Femenino,Divorciado,Posgrado,3551.21,6306.57,1,0,0,1,56,1,0
33,Femenino,Divorciado,Universitario,1528.37,10375.07,4,0,0,2,1,1,0
58,Femenino,Casado,Posgrado,2072.87,1379.94,4,0,1,0,31,0,0
53,Femenino,Casado,Universitario,1374.28,3624.13,3,0,0,1,56,0,0
50,Femenino,Divorciado,Universitario,2558.4,7948.11,1,1,1,3,59,0,0
21,Masculino,Casado,Universitario,3124.06,4295.97,4,0,1,0,23,1,0
50,Femenino,Soltero,Secundaria,2560.15,6771.61,3,1,0,0,8,1,0
31,Femenino,Casado,Posgrado,3481.64,5460.02,1,0,1,2,3,0,0
38,Femenino,Casado,Posgrado,1900.66,9210.4,2,0,1,2,16,1,0
65,Femenino,Soltero,Universitario,2680.27,2773.89,1,1,0,2,16,0,0
37,Femenino,Soltero,Secundaria,2078.02,7443.6,1,1,0,4,52,1,0
25,Femenino,Divorciado,Secundaria,2789.34,8499.16,4,0,0,3,49,0,0
24,Femenino,Divorciado,Posgrado,2902.99,2971.16,3,1,1,1,47,1,0
20,Femenino,Soltero,Secundaria,2965.92,6565.74,3,1,0,3,29,1,0
34,Femenino,Soltero,Secundaria,1643.52,3069.0,4,1,0,1,39,0,0
50,Femenino,Divorciado,Universitario,1788.2,5060.32,1,1,0,3,57,0,0
65,Femenino,Casado,Secundaria,1936.57,4486.82,2,0,0,3,10,0,0
29,Masculino,Soltero,Universitario,2308.9,194.49,1,1,1,2,20,0,0
68,Masculino,Divorciado,Posgrado,2569.75,5848.47,1,0,1,3,20,0,0
39,Femenino,Casado,Secundaria,3066.47,5286.68,2,0,0,2,17,1,0
39,Femenino,Soltero,Posgrado,1821.52,7958.16,4,0,1,3,54,0,0
63,Masculino,Casado,Posgrado,1219.18,6222.29,3,0,0,1,28,0,0
47,Femenino,Divorciado,Secundaria,4224.59,9581.77,4,1,0,3,23,0,1
55,Masculino,Soltero,Secundaria,1594.84,5214.08,4,1,1,2,9,0,0
55,Masculino,Casado,Posgrado,3169.06,4788.94,1,0,1,4,44,0,0
62,Masculino,Soltero,Secundaria,2525.01,4631.29,3,0,0,3,16,1,0
68,Masculino,Casado,Universitario,2701.04,4120.82,3,0,0,1,17,0,0
25,Masculino,Divorciado,Universitario,2498.76,584.5,4,0,1,1,41,0,0
44,Femenino,Divorciado,Secundaria,2192.13,4559.61,2,1,0,2,47,0,0
44,Masculino,Soltero,Posgrado,2871.18,864.29,4,0,1,4,19,1,0
51,Femenino,Casado,Secundaria,2149.13,5904.07,2,1,0,2,36,1,0
38,Femenino,Soltero,Secundaria,3433.04,2519.88,3,0,0,3,44,0,0
47,Masculino,Soltero,Posgrado,2954.75,3211.33,4,0,1,1,17,0,0
50,Masculino,Casado,Posgrado,2979.68,3661.18,1,0,1,2,16,1,0
45,Femenino,Casado,Universitario,2094.3,4590.13,4,0,1,4,8,1,0
64,Masculino,Casado,Posgrado,2310.92,5013.74,3,1,1,4,13,1,1
50,Masculino,Divorciado,Universitario,1549.67,7168.96,1,1,1,1,48,0,0
22,Femenino,Soltero,Posgrado,2217.59,3844.94,1,1,1,3,28,0,0
65,Femenino,Soltero,Secundaria,1670.74,5960.29,2,0,1,0,30,1,0
36,Masculino,Divorciado,Universitario,3550.45,10461.73,1,0,0,2,3,0,1
21,Femenino,Casado,Universitario,2540.43,5754.7,1,1,0,5,17,1,0
52,Masculino,Divorciado,Universitario,2636.4,4639.02,4,1,0,1,58,1,0
66,Masculino,Divorciado,Secundaria,2319.88,3441.7,3,0,1,2,19,1,0
34,Masculino,Divorciado,Secundaria,2658.06,4611.34,2,0,1,2,55,0,0
61,Femenino,Soltero,Secundaria,4471.9,3227.56,4,1,1,0,55,1,1
45,Femenino,Divorciado,Secundaria,2259.89,5537.32,1,0,0,3,46,1,0
47,Femenino,Soltero,Secundaria,1979.67,5207.09,1,0,1,1,42,0,0
46,Femenino,Soltero,Universitario,2923.75,675.56,2,1,1,4,43,1,0
63,Femenino,Soltero,Secundaria,479.43,4962.88,3,0,0,5,8,0,0
23,Masculino,Casado,Universitario,2551.17,7152.29,2,1,1,3,12,1,0
52,Masculino,Soltero,Secundaria,2202.63,4201.78,4,0,0,2,14,0,0
58,Masculino,Soltero,Posgrado,1706.15,3694.21,2,1,0,0,26,1,0
54,Masculino,Casado,Universitario,2906.21,2244.6,1,0,1,3,14,1,0
41,Femenino,Soltero,Posgrado,2543.19,1284.02,4,1,1,1,27,1,0
46,Masculino,Divorciado,Universitario,1058.07,6662.7,1,1,1,1,36,1,0
66,Femenino,Divorciado,Posgrado,1982.78,4637.04,3,1,0,1,54,1,0
63,Masculino,Soltero,Secundaria,189.38,6544.04,1,1,0,1,18,0,0
48,Femenino,Casado,Secundaria,2734.62,8062.65,1,0,0,2,25,0,0
52,Femenino,Divorciado,Secundaria,2726.64,6842.5,2,0,1,2,51,1,0
50,Masculino,Casado,Universitario,1865.37,3915.26,1,1,1,1,25,1,0
69,Masculino,Casado,Posgrado,2932.09,5289.74,4,0,1,0,24,1,0
38,Masculino,Divorciado,Secundaria,1474.0,3770.45,4,0,1,5,25,0,0
49,Masculino,Casado,Posgrado,1726.79,3583.42,3,0,0,0,25,0,0
40,Femenino,Divorciado,Posgrado,2833.75,5685.63,4,0,0,0,45,1,0
50,Masculino,Casado,Secundaria,1949.07,3335.41,2,0,0,1,27,0,0
20,Masculino,Divorciado,Secundaria,2449.87,581.7,3,1,0,1,48,1,0
35,Femenino,Soltero,Posgrado,2049.08,3223.7,4,1,1,3,17,1,0
42,Masculino,Divorciado,Secundaria,2171.26,4386.24,2,1,1,1,31,1,0
59,Masculino,Divorciado,Secundaria,2206.22,8042.8,4,1,1,0,52,0,0
48,Masculino,Divorciado,Secundaria,1934.59,4018.13,4,0,0,1,2,1,0
20,Masculino,Divorciado,Universitario,2741.96,6023.85,1,0,0,4,1,1,0
57,Masculino,Casado,Posgrado,1997.66,4663.38,4,1,1,2,32,1,0
63,Femenino,Soltero,Posgrado,2512.55,7452.81,4,0,1,0,41,0,0
41,Masculino,Divorciado,Universitario,1917.01,7314.19,2,0,0,3,18,0,0
67,Masculino,Casado,Posgrado,1272.56,7352.35,2,1,1,1,16,0,1
49,Masculino,Soltero,Secundaria,3229.95,1532.03,1,0,0,1,43,1,0
64,Masculino,Soltero,Posgrado,2899.62,5413.45,4,1,0,0,32,0,0
39,Masculino,Soltero,Secundaria,4330.95,6517.88,1,1,0,3,11,1,0
40,Femenino,Soltero,Universitario,1664.82,5763.08,4,0,1,1,48,0,0
19,Masculino,Divorciado,Secundaria,2332.83,6273.19,3,0,1,0,55,1,0
44,Femenino,Divorciado,Posgrado,2397.19,5116.7,3,1,0,2,2,0,0
59,Femenino,Casado,Posgrado,3291.5,3510.43,1,1,1,3,42,1,1
19,Masculino,Casado,Posgrado,2094.31,1605.81,1,0,0,1,48,0,0
43,Masculino,Casado,Universitario,1563.17,3708.86,1,1,0,5,54,0,0
34,Masculino,Soltero,Universitario,3466.25,10356.22,2,1,0,3,25,0,1
57,Masculino,Soltero,Posgrado,2246.68,4028.7,2,1,0,3,34,1,0
50,Femenino,Divorciado,Secundaria,3202.91,1081.22,2,0,1,4,7,0,1
26,Masculino,Soltero,Universitario,3109.76,6465.3,1,1,0,1,51,0,0
60,Masculino,Soltero,Posgrado,2476.09,6710.92,4,0,0,2,35,0,0
65,Masculino,Soltero,Posgrado,2360.55,7574.65,3,1,1,2,52,0,0
56,Masculino,Casado,Universitario,2186.75,5941.96,1,0,0,2,53,1,0
46,Masculino,Casado,Universitario,2487.85,6691.2,2,1,0,2,6,0,0
59,Masculino,Divorciado,Universitario,3190.48,8680.43,2,0,1,3,45,1,1
43,Femenino,Soltero,Secundaria,1862.85,3509.05,1,0,1,3,45,1,0
52,Femenino,Soltero,Secundaria,2587.08,3112.3,1,0,1,2,35,1,0
67,Masculino,Divorciado,Posgrado,1605.09,2810.83,2,1,0,3,15,1,0
42,Masculino,Soltero,Universitario,1704.72,4468.46,4,1,1,1,23,0,0
41,Masculino,Soltero,Secundaria,2475.25,7866.84,2,1,1,3,53,1,1
30,Femenino,Casado,Universitario,931.87,6056.14,2,0,0,5,0,1,0
24,Masculino,Divorciado,Posgrado,4148.45,5977.38,1,1,0,0,48,1,0
53,Femenino,Divorciado,Secundaria,1545.55,1361.38,4,0,0,1,24,1,0
62,Masculino,Divorciado,Secundaria,2467.93,3613.63,2,1,0,2,9,0,0
37,Masculino,Divorciado,Secundaria,3434.57,1328.68,2,0,0,0,53,0,0
18,Masculino,Casado,Posgrado,1809.68,7342.49,3,0,1,2,15,1,0
25,Masculino,Casado,Universitario,657.84,8171.29,1,0,1,0,15,1,0
63,Femenino,Soltero,Secundaria,2144.04,6559.13,3,1,1,2,57,1,0
33,Femenino,Soltero,Posgrado,1800.14,3026.43,3,1,0,1,7,0,0
31,Masculino,Soltero,Universitario,678.9,7964.04,2,1,0,3,28,0,0
29,Masculino,Soltero,Posgrado,2727.91,4493.49,1,0,0,2,38,0,0
68,Femenino,Casado,Universitario,2665.68,2571.08,4,0,1,5,27,0,0
40,Femenino,Divorciado,Posgrado,3413.86,3071.19,2,1,1,3,5,0,1
32,Femenino,Casado,Universitario,1603.34,4139.69,4,1,0,1,15,1,0
45,Femenino,Soltero,Secundaria,1220.69,5099.16,4,1,1,1,19,0,0
51,Masculino,Casado,Universitario,2174.62,4677.31,1,0,0,3,15,0,0
19,Femenino,Divorciado,Posgrado,2429.33,2174.66,3,0,1,0,6,1,0
49,Masculino,Divorciado,Posgrado,3237.08,7426.63,1,0,1,0,40,0,0
40,Femenino,Casado,Universitario,3628.45,4698.79,4,0,1,1,13,0,0
39,Femenino,Casado,Secundaria,3471.58,3572.49,2,0,0,1,42,0,0
68,Femenino,Casado,Secundaria,2721.23,7220.6,4,1,1,2,25,1,0
42,Femenino,Soltero,Universitario,3139.6,2633.19,2,0,1,4,25,0,0
39,Femenino,Casado,Universitario,1987.61,1742.22,2,0,0,2,13,1,0
39,Masculino,Casado,Posgrado,2634.72,7544.97,1,0,1,6,6,1,0
66,Masculino,Casado,Secundaria,1546.97,8782.78,4,0,0,1,32,0,0
69,Femenino,Divorciado,Universitario,2550.15,4075.81,3,0,0,2,25,0,0
59,Femenino,Divorciado,Secundaria,2570.92,4908.06,4,1,0,1,56,0,0
23,Masculino,Soltero,Universitario,3877.7,2706.67,4,0,0,3,44,0,0
32,Femenino,Soltero,Universitario,2316.81,5010.99,3,0,0,3,19,1,0
60,Femenino,Divorciado,Secundaria,2572.03,4048.59,1,0,1,2,2,0,0
54,Masculino,Divorciado,Universitario,2689.57,4795.74,4,1,0,4,51,1,0
50,Femenino,Divorciado,Universitario,2136.14,5818.52,4,1,0,2,3,1,0
25,Femenino,Casado,Posgrado,1858.01,2803.71,2,1,0,3,25,1,0
61,Masculino,Casado,Universitario,3539.05,4276.38,4,0,0,2,10,1,0
61,Masculino,Divorciado,Universitario,1715.27,1392.44,3,1,1,2,1,1,0
22,Masculino,Casado,Universitario,1437.67,4290.03,2,0,0,1,13,0,0
56,Femenino,Casado,Posgrado,3044.21,4813.13,1,0,1,3,43,1,0
21,Masculino,Soltero,Secundaria,3426.25,5457.96,2,1,0,3,29,1,0
23,Masculino,Divorciado,Posgrado,2138.87,5479.15,3,0,1,2,48,0,0
62,Masculino,Divorciado,Posgrado,2151.16,6807.85,3,0,0,0,11,0,0
49,Masculino,Casado,Secundaria,2726.03,1920.67,2,0,0,1,25,1,0
69,Masculino,Divorciado,Posgrado,1933.72,2027.45,1,1,1,1,43,1,0
47,Masculino,Soltero,Secundaria,1874.63,6057.92,2,0,0,5,32,0,0
64,Femenino,Soltero,Posgrado,3203.67,922.08,1,0,1,1,12,1,1
52,Femenino,Soltero,Secundaria,2985.7,5366.6,2,1,0,3,13,0,0
57,Masculino,Divorciado,Universitario,3548.93,2639.41,3,0,1,2,23,0,0
69,Masculino,Divorciado,Posgrado,1497.93,8145.63,4,0,0,3,33,1,0
33,Masculino,Divorciado,Posgrado,2098.03,5500.9,4,1,0,4,43,0,0
30,Femenino,Divorciado,Posgrado,2724.94,4561.69,1,0,1,3,25,1,0
67,Femenino,Divorciado,Posgrado,1759.5,7455.44,1,0,0,3,20,1,0
59,Femenino,Soltero,Universitario,3013.35,2873.2,1,0,0,2,27,1,0
47,Femenino,Casado,Posgrado,3479.7,3253.18,3,0,0,3,47,0,0
36,Femenino,Soltero,Universitario,2033.31,2477.09,2,0,0,2,35,1,0
34,Femenino,Divorciado,Universitario,2530.87,3269.92,3,1,0,2,39,0,0
36,Femenino,Soltero,Universitario,3664.49,5122.23,4,1,0,5,1,1,0
45,Femenino,Divorciado,Universitario,3939.42,5987.9,1,1,1,4,41,1,1
43,Femenino,Divorciado,Secundaria,3096.64,6922.84,2,1,1,1,8,0,1
54,Masculino,Soltero,Secundaria,2974.74,1350.55,4,0,1,2,22,1,0
43,Masculino,Divorciado,Posgrado,1817.01,4656.27,4,0,0,3,14,1,0
40,Masculino,Casado,Secundaria,2787.37,2783.67,4,0,1,2,12,0,0
26,Masculino,Divorciado,Secundaria,2945.46,4589.43,3,0,0,2,22,0,0
29,Femenino,Casado,Posgrado,2331.7,9668.33,1,0,0,0,16,0,0
18,Femenino,Casado,Posgrado,2024.18,5583.72,4,1,0,3,47,1,0
18,Masculino,Divorciado,Posgrado,1474.96,6798.93,1,1,0,2,59,0,0
64,Femenino,Soltero,Secundaria,1109.82,8921.38,3,0,1,3,1,0,0
51,Masculino,Casado,Secundaria,941.69,7254.72,4,0,0,2,19,1,0
49,Femenino,Soltero,Posgrado,2963.55,4104.17,3,0,1,3,19,0,0
65,Masculino,Casado,Universitario,2618.16,2448.34,3,1,0,2,58,1,0
42,Femenino,Divorciado,Posgrado,2112.95,4939.71,1,0,1,2,45,1,0
57,Femenino,Divorciado,Universitario,2234.83,3864.59,4,0,1,2,2,0,0
62,Masculino,Casado,Universitario,2668.38,1950.96,3,0,1,3,54,1,0
18,Femenino,Divorciado,Posgrado,2368.35,5481.85,4,1,1,2,11,0,0
